X,Y,Label
0.7033135060051431,1.5995440803898286,0
0.6706166724910498,0.9588964774096099,0
2.010025175393068,0.35487876103052873,0
1.9011063761145508,0.4210275328452683,0
1.1234033508823684,0.5234928588946859,0
1.0597582073352236,0.8439528746888952,0
0.6333606224586322,0.968968141966366,0
0.12902550787471223,0.20163984990810846,0
0.1739289460873612,1.7004705804634783,0
1.155641054845294,0.7809163175788904,0
2.045890626837414,0.13067392207371786,0
0.08630836022248478,0.9582904142735418,0
0.5212120009705665,0.4542531114140337,0
0.6070947801239637,0.052418614649449746,0
0.15566142514226877,1.4284159428827774,0
0.5784502087790633,1.0913002319217138,0
0.4198599311258687,1.4538543219761877,0
0.6039062035066901,1.329114595821124,0
0.9120210892067018,1.409524748048688,0
0.8658187258495069,1.512617792424653,0
0.0846915557087361,0.5886111276294274,0
0.08204807972804551,1.884866554988378,0
1.1983823548797465,0.7689943889418405,0
1.1767388093214297,0.7814138199059382,0
1.6271704355195689,0.018897405351333996,0
0.49310893889639673,0.723605777095842,0
0.7367380315422133,1.2248001347443522,0
0.9301220825505809,0.40457840102232834,0
1.0320584772986208,1.4215376451005002,0
1.364280654652799,0.50450905482317,0
0.8025936600566206,0.7006921329213046,0
1.4733782159062185,0.6900136742547378,0
0.3612628704007713,0.7783001246880964,0
1.7867952921748929,0.23645664270532674,0
0.10348234544448076,0.30454477682768644,0
0.5238302462709767,0.44754041553690316,0
0.017352033370754527,2.025903531732382,0
1.0964315415901795,0.5490225920783296,0
0.9852729506721092,0.7423425732957286,0
0.7548847155801913,1.1139871805375705,0
1.4522701814600252,1.0076219285678099,0
0.7804490087831257,0.5160905716684593,0
1.3057296480710465,1.070420767483838,0
2.35173591909884,0.06715970024337481,0
0.2928587267064935,2.0600238313824817,0
1.4580161927734847,0.10926364041094772,0
0.6734080510769765,1.1827591875603285,0
0.2991502367949783,1.0607857712248774,0
0.3167147160651942,0.1098180801427665,0
1.078814587586114,0.5465897929682496,0
0.24826062081384836,0.9203379083909845,0
0.2114200656237769,1.426302432109025,0
1.779817265240336,0.17158211845486848,0
0.3571807914784213,1.592083110448058,0
0.21309544709980732,0.7265582070467431,0
0.355679729336985,1.9541675744841727,0
0.6471898808873882,1.5705427629432296,0
0.26658642351448614,0.20314699603095876,0
0.36345777057679096,0.8112515282306073,0
0.20661747285865784,1.3697358580311247,0
0.7444535574667654,0.9860589553122138,0
1.072249748606446,0.6060291983669435,0
2.1999768502116535,0.12738094009190515,0
0.9256556865202487,0.6159840113945042,0
0.10088646046667238,1.5572795718959025,0
1.2255998892524622,1.1679376641538348,0
2.0219549774251973,0.24823611487248787,0
0.1335452778913635,1.50174934363313,0
1.7214026547605954,0.32100998839965,0
1.5539109662476367,0.13005119656105923,0
0.5958691949823599,0.054441821474514485,0
0.6607720826970208,1.2615430363100013,0
0.03321223597098344,0.5277375407886858,0
0.6801306934039238,0.7115666310200234,0
0.14075842440243813,2.1917902735626034,0
0.5563468373191854,0.13141055306916538,0
2.2738741608367423,0.2254116859860773,0
0.9540728730925842,1.0349111941137288,0
1.2033395478060793,0.14579331592629308,0
0.6300329778500073,0.8220175208159155,0
0.10009115619756592,0.002503579348607232,0
0.050109312844241916,1.1920765127228292,0
0.1589933686689885,2.0649326920428406,0
0.0598626144393648,2.3738824302179657,0
1.2131770100526689,0.41310102051037667,0
0.1118964425514799,0.851052085857766,0
0.22687189112593764,0.09393177543381181,0
0.5720619469226468,1.711310492610291,0
0.2203707862308656,0.6038787122611994,0
1.5805635740269595,0.8555012619267698,0
0.71053568784818,1.0170721453651013,0
0.12033253233380592,0.8183193773990095,0
0.8003436436728272,0.08584108990155481,0
0.5720941038135245,1.2934448209113278,0
1.6926035729090216,0.6560696499318847,0
0.5799786990704842,1.2169362746657812,0
0.0186768786165864,1.9441698392778615,0
0.5939729795890065,1.8868635170070522,0
2.1052977477033123,0.368882879352061,0
1.4953052370234716,0.5222605934947605,0
1.4026558579936292,0.9121451099261276,0
0.5810321656124239,0.2812759350811337,0
1.9447033189929568,0.06384732177303143,0
0.11899747852717002,1.588507481766427,0
0.8675979621604486,1.5272142370475104,0
1.019827567771244,1.1679383317383731,0
0.3226774997727937,0.8841575189088664,0
0.6672042722131494,1.7677264413638702,0
0.7116553073917177,1.3691979910053762,0
0.7272370200951959,1.705962035085395,0
0.35514787579642015,2.0547468007816176,0
0.6500199632930164,1.6491877318672534,0
1.1419272599713106,1.0985980128081425,0
0.10348691646708519,2.107970877835122,0
0.24400324515476934,2.036285725743687,0
1.0602465589305363,1.1228171001729679,0
1.60366927208348,0.7164895115500804,0
2.194747642317998,0.07880189591798858,0
0.8888363275261433,0.07074091946880989,0
1.5507434563713984,0.6787705236185332,0
1.4072835385553055,0.894094407143734,0
1.3028854252589457,0.411466679420214,0
1.1047913714576942,0.12683364375997663,0
1.1144381565368024,1.2993565384218484,0
0.2940650993685108,1.8826254351035125,0
0.197385046414558,1.5787574836062985,0
0.9247828004811126,1.128808069806454,0
0.5682842269050918,1.541184401563592,0
0.1805115038116697,1.2142575834137914,0
0.07705099490442535,0.07566188175437505,0
0.9984909271563619,0.22257609520222987,0
0.38375928292400685,1.13715488890061,0
1.275990487362946,1.1980313182397988,0
0.09643444334716111,1.158871990133831,0
0.2979502584983206,1.038967783520434,0
2.3635223450438305,0.07535522476109113,0
2.3803149158765544,0.05086742175545467,0
0.10148443768845339,2.230505764922492,0
1.788225131949513,0.5305719947392791,0
2.056467268637584,0.2228866846139903,0
1.2919440240442037,0.7595934240337694,0
1.1993472775937382,0.8302839273689897,0
2.211856494353504,0.12787586924669403,0
0.6207977552815571,1.638473140984886,0
1.6474328023738378,0.21096817791710165,0
1.9967441776055814,0.15514207201604857,0
1.499202249770128,0.24396358555728725,0
1.2912893558869816,0.08295952762183367,0
0.22293987365151968,0.08342720283612348,0
1.8310635088157907,0.447411878331177,0
1.7322692518222542,0.03996716842992565,0
0.42033872304312103,0.27556667674124924,0
1.6508877263624764,0.25991408305642905,0
0.059618338895747414,0.4434335902781721,0
0.7395168134620808,0.6622287021401613,0
0.10652383399071297,1.1112852128490125,0
0.9731275200771069,1.3323396864298038,0
0.526700404135116,0.21918463214609307,0
0.6711167591265402,1.1920336870014072,0
0.9696320167154103,0.5673709574845143,0
0.19158776540417677,1.8282875007170123,0
0.8126754787345772,0.144257396125266,0
1.0682888856987096,1.2845931916956734,0
2.2182601584464647,0.0958500652396791,0
1.3270626927935423,0.9948507692678424,0
0.7782178001357469,1.2997399529754912,0
0.7428350597125466,1.0664942350888866,0
0.19554918027996993,1.0725586079294174,0
1.5448206560446356,0.5027529357738206,0
0.084168547034006,1.884159935891796,0
0.28784300370631655,2.055899952349943,0
0.3912102141526972,0.10793937879437043,0
1.3868025332204974,0.5481527402945735,0
0.29071646250976235,1.0033870466425021,0
0.3799857231850795,0.7357803977009243,0
1.9031493265324126,0.3008006853026155,0
0.00782310083236648,2.4907617681592646,0
1.6736508439885842,0.30537990485787037,0
0.849322579682648,0.21850401048436852,0
1.121859096683601,1.0633273126867384,0
0.19013320242824616,1.6528174838407583,0
1.978036871522258,0.4005297938369514,0
0.7332787138297631,0.3870857894637846,0
0.5832205278882037,1.9073754327682426,0
0.13181724049924037,1.8286166155635954,0
2.181972326375415,0.16023206399045142,0
0.24028858662247443,1.2688883278534828,0
0.007038977652765954,0.0037970954027488624,0
0.614700091043132,0.27887242970379555,0
0.3391130508555885,0.3885125011644205,0
0.8264378442191074,1.5954765813697076,0
0.43588914246213284,1.9045607395203326,0
1.7185405653045525,0.23909450585227054,0
0.05674338703354864,1.2584683164527648,0
1.0287021375164906,0.4202121923123081,0
2.184342772282492,0.15235346148232232,0
1.3391622108483092,0.24441342678186906,0
0.5534218410106028,1.2741278881296578,0
0.5497331574282871,1.3862919552454258,0
0.9196953392286877,0.655784111007952,0
1.3198946480417084,0.3359483633736958,0
1.302048081313686,0.09935557651499749,0
1.9173453315267497,0.3121603840329744,0
1.3763601193663533,0.5654233978559111,0
1.2406734210378287,0.5781358158660992,0
0.5050446207973067,0.5611035180024129,0
0.4760036905949392,0.6658222722205535,0
0.13633172146955308,1.8557114560968282,0
1.0012167074948153,1.2563809269929536,0
1.9884711602913063,0.40945865091240663,0
0.5847854527491826,1.4270019973294672,0
0.021184260031997693,1.4272524741226418,0
0.312506505072754,0.6138942779311966,0
0.9254053141653611,0.22207992399340137,0
0.944974105434883,1.4134358482710079,0
0.7654782925725054,1.6480780103090575,0
1.0547061425101534,1.4093703107126008,0
1.5553591310329424,0.4863982633677414,0
0.25176444575136303,1.788280562836229,0
0.43906853936979695,0.4885758764028263,0
1.2141997424422923,0.5746245006076497,0
0.3779486304186014,0.3977706256351067,0
1.1403289039387436,0.5781030943929495,0
0.3193100556885836,0.7003563265690348,0
1.8049164160675772,0.14404006586276563,0
0.507267586540418,0.900886855771135,0
0.08668408012293016,0.48865557860844533,0
0.4276603864501435,0.12315528428604783,0
2.3644781240642594,0.03850589632325174,0
1.5365221333163763,0.09146298225263583,0
0.7635326440305152,0.24452526773052896,0
0.0988595182320623,1.6642870074693144,0
0.09055585208386352,1.7006574790933209,0
1.5328745790455058,0.26358982163435896,0
0.29414306343314334,1.3284983497037985,0
0.6701349728441558,0.10626296703744809,0
0.5964109610651804,0.42581350159890596,0
0.824279525405458,1.104643605654973,0
0.22108175488978665,1.1399285109711916,0
0.09177599705197703,0.704988932744788,0
0.3022180251064738,0.102505560070141,0
1.6339989269872353,0.03147832663315997,0
0.8367548344449458,1.5864146137055488,0
0.39026843541357803,0.07200300975085494,0
1.0487056635613523,0.13257134137998028,0
0.41021590457868384,0.7124759270936192,0
1.4387030885827277,0.8059272338728707,0
1.3336908666062781,0.4555998346853638,0
1.2990344174792194,0.3904394226384993,0
1.4527457900573872,0.9975472766826271,0
1.5430705387264745,0.6796947282183589,0
0.8958092208657232,0.883943336143094,0
0.49534516077693047,1.90369307071688,0
1.1135702430711567,0.9056391847555199,0
1.082885558885182,0.38063406758146723,0
0.27970265971656116,0.10892532223122553,0
0.15551362825416537,1.7993267665562245,0
0.07499695417842078,2.1788251699024497,0
0.057429811316899726,1.4769462296691689,0
0.6551087366917655,0.2120844646610054,0
1.7264339865019673,0.039164981321705206,0
0.42229586820947906,0.1410586741411628,0
0.4384671806119931,1.1889841698773673,0
0.8398307931044701,1.0403247909322855,0
1.512445730618821,0.9484991371423678,0
0.6983093515313157,1.664648345059771,0
1.1030886620418974,0.08125456839074408,0
0.41417158457262226,0.1631945853030532,0
2.123378588848332,0.2889450911335365,0
0.6261643987184885,1.657411017372868,0
2.0800175058248396,0.09856976989284194,0
0.23875979544385273,0.8275435997199385,0
0.3864669853383532,0.6553167155964501,0
0.3276343807897857,0.29692028833802153,0
0.37107593164081676,2.0102317080398073,0
1.4857580787488538,0.4620864871262048,0
0.34868458279831094,1.1117487445058472,0
0.6891461918508517,1.752821606702581,0
1.3306672176984466,0.8538874433771074,0
2.271637596492546,0.16656120418046372,0
1.6352087579669345,0.1517170517600942,0
0.9509809325942692,1.065609498892821,0
0.731597907138378,0.7107378440349325,0
1.5639673556422675,0.06461015737193176,0
0.22683543745747248,0.833436768988139,0
0.9997158168064584,0.05381339887125558,0
0.9483139078062488,0.7770139669027897,0
0.8180252039746968,0.4502915400884254,0
1.6159555083360617,0.19054086932647807,0
1.198049690269198,0.08499462868072027,0
1.5552250518856992,0.1786421717373189,0
0.025727462057273054,1.0569443540432233,0
1.654158166810729,0.2514815629249373,0
0.5623645792255402,0.9780528170391521,0
0.8231498016503729,1.5927216043812225,0
0.8601000709900967,0.23843736038398022,0
1.1072345435555695,0.1363404646416554,0
1.4229808646282034,0.9912656275646328,0
0.7490544531429858,0.05046406502762968,0
0.01617180505574356,0.5761704276247389,0
1.0202817894060041,1.0602518487871675,0
0.6556045102879868,1.508495248788816,0
1.064180192312545,1.0447936252610968,0
0.3976845887548681,1.7566463682272158,0
0.33009153211504705,0.9054553598344305,0
0.25287938056403014,1.1895087460889153,0
1.1406697512523982,1.3287845514325132,0
1.2169585902041367,0.636614706879932,0
1.6313411434965044,0.30588275930144915,0
0.11105756706379033,1.0241600880266097,0
0.7281440818440884,1.1245979579495624,0
1.265813204914216,0.9826324743219429,0
1.1873524835516671,0.30710518032374046,0
0.5224223811543942,0.9807432015932873,0
0.1527993519847407,0.4379170929986299,0
1.2477488578897376,0.6034714323006477,0
0.09100875458542956,1.7149796905887937,0
0.5162137979124883,1.5255393160351196,0
0.5743388652954107,1.3309861616584628,0
0.3982712135686768,1.8905964436738336,0
0.5307938541221006,1.0171793817220025,0
0.11918689049409636,0.23631166320538377,0
1.7186807715754684,0.570641746538811,0
0.5062922385457016,0.271219387355654,0
1.03517346528014,0.1638282703593864,0
0.6723943442801085,1.489580125636265,0
0.6611854150126902,0.5907001881295099,0
0.30872349588667725,0.8846073291943339,0
1.3661299106015288,0.0701348801981384,0
0.6247013958142147,1.19350747378033,0
1.5641912148080235,0.034710900023696145,0
0.1051887966356152,0.3635263406782542,0
0.6057190358797031,0.9613199412159459,0
0.44713547336364023,1.6313147070731522,0
0.7081253696224444,0.7646055220276106,0
1.1031252961555862,0.8033133032175217,0
0.2355671251549858,1.3418891540937188,0
1.9330876467260765,0.48974119262892657,0
1.6140262498718883,0.2460795802757657,0
0.38236517599934405,0.32241296560341404,0
0.5191701899703907,0.5585298935721148,0
0.3286811219079925,1.94333428242578,0
0.7114475779184666,0.8322862918515113,0
0.7913866240719193,0.04192512058358,0
0.9509835512463517,0.7506902078479777,0
0.33170318272844057,0.5268751799544225,0
1.755211911287771,0.22676097538167117,0
0.7361455429615689,1.0452940410477627,0
1.1180315781614805,1.0197874543185679,0
1.7862377566955807,0.02373770573050127,0
0.5594715405857654,1.089976825127366,0
0.1715260537399219,2.246064351038882,0
1.1516912329231066,0.43341668362760966,0
0.2087554306618039,0.25995302159849676,0
0.11610467931247004,0.4571699409024922,0
1.2044706791935822,5.814456848951879,0
3.211592140274563,3.88206819834355,0
0.12460513647045257,7.67620827025871,0
1.5381013281606382,7.051530100582102,0
7.218291450500026,1.5485754459948353,0
1.4276382467910431,8.80607595202024,0
0.1803252206228001,9.886573038753264,0
3.0330246643877756,4.269410632938561,0
7.296455459319137,2.896160405897189,0
1.925815221953373,6.632658620053929,0
6.461444217210568,1.9385846164648513,0
0.03720244755000546,8.419055358371487,0
2.9187772165730443,4.732087176612128,0
8.164820462462073,2.2001195996396774,0
3.117379301570434,5.4685590423052695,0
3.3605816639571984,4.03528866182972,0
8.189638350964177,1.776101970128402,0
6.040829591003114,3.349725718558161,0
0.7973347630398608,6.596249050116998,0
0.030084496101802083,7.444371386332714,0
4.477257826093226,4.254147055379507,0
2.389586626631038,7.725877726076718,0
3.171184915005779,6.2930017777566185,0
9.097496959462795,0.3686329660169363,0
3.504317680975011,3.793252091781625,0
4.220535440505412,4.406705224319191,0
3.8085819666824303,5.843340182546626,0
8.757317097843888,1.2801253319850259,0
0.951665395570972,7.507897407096936,0
7.575365602423697,2.1451731827660367,0
1.9099016992122853,8.559434528014823,0
0.4335186390255841,9.243320709591327,0
3.1787993352879838,6.273978428645078,0
7.175359245861015,0.07383000999911404,0
0.8369950430893014,8.186324169452572,0
3.469532058452888,5.510575542159003,0
6.449039426736723,2.5413136378858447,0
5.634065589183711,1.4875319783163699,0
2.5980234038875816,6.00092760543486,0
7.601420480966961,0.5003592851174365,0
0.6697261948101518,8.218543889420243,0
3.970370115800601,5.030135516264439,0
8.646317412964605,0.16571157356233268,0
8.474628424461802,1.0176979135403719,0
5.444854637690097,3.9483045084081714,0
3.791560063408559,3.939182706093659,0
3.8859419736218195,4.158436396174126,0
4.241479954384233,4.883879210360101,0
1.8578909486981054,5.309911168876372,0
7.164422412645804,2.0737989347756445,0
5.982727967772208,2.310480106123063,0
0.47698776538678156,7.572206870881627,0
1.2420328729983243,6.2645883160011175,0
3.1495598946814294,5.129672040007193,0
9.141206550649464,0.7734598271748616,0
3.072203617097472,5.517802594205947,0
0.8670041549737495,8.81656625655766,0
4.582830019540984,4.0693195555486525,0
0.04344833856090302,9.702571129692025,0
6.91382964086629,2.6415543546670195,0
3.6189305374641165,3.8907524465727494,0
0.38350944328065517,6.636648222331551,0
1.326047599080702,6.677664345578716,0
2.808778893537831,5.4429688911688565,0
3.160041815129322,4.898567584386061,0
5.268401538491317,3.8205109011213856,0
3.0632994776126585,7.195735159633999,0
4.460419885574284,4.880535531167483,0
7.381393189514316,1.5874785379656375,0
5.098259954263354,5.369799664592224,0
2.755801775340143,7.252756827276939,0
0.6447074779698336,8.334987842982537,0
7.7336194361748225,1.4565494850078442,0
8.599291009584828,1.444115913212194,0
5.634341025020441,2.179353340533222,0
1.926789749665253,5.118913971756246,0
6.523322353651104,3.6026030374979703,0
2.4413571339932316,7.169066760362157,0
7.609666380929914,1.8497296008518238,0
7.098989112752716,1.2313289986433096,0
3.956472979927772,4.983831737622789,0
2.2935153047498646,4.844901100419708,0
5.815623631601531,3.4651787957859295,0
8.24381213917283,1.526016206985349,0
6.8951554776384185,0.5050991893473278,0
4.68992597593524,3.02288343842513,0
8.683616247351999,0.9284689761382381,0
6.088376269387135,3.223037286735677,0
0.7866320885110012,8.686339166835177,0
0.2623425341249219,6.989225180180389,0
8.417180213336554,1.6991756918400358,0
8.516139136781032,0.27916900708685466,0
2.0332383417600877,7.087828608367768,0
1.2082702271850831,6.958268766119059,0
5.159686758958805,4.042267214511487,0
5.109140763500029,2.99873595360285,0
2.2060723371650215,5.43917726652265,0
5.571272768633021,4.443831704805108,0
0.8190941685132969,6.399998135703098,0
6.324421560186658,1.6833647222505599,0
2.2348725394869406,5.7473928180903116,0
6.514742655313518,1.1590670226850508,0
1.15724475027422,8.25567251845982,0
1.178101638180571,8.02886890842373,0
2.1891931047464466,6.24290896347491,0
8.303511621782091,2.1917237997401595,0
4.408146927895178,2.703057507500205,0
4.1238343532057895,4.951880864882031,0
2.4185916559519836,5.463610929911314,0
0.6130401518565987,7.884869839083528,0
7.231223889462974,0.5628083320678456,0
6.561235609898142,1.672203389554262,0
2.9918958806843365,7.438112749935181,0
5.484118910538939,4.019071390630822,0
0.5207278325617071,9.074997930707589,0
7.785180617029819,2.0017900334541103,0
6.194876409206343,2.9816820342472106,0
9.661433192909097,0.46700719542673186,0
7.872888701143669,0.8739828774538105,0
2.995904167895569,4.980334577607959,0
2.1694816780730033,7.48007070219402,0
7.171612659208555,1.3083801602159062,0
3.08192862193032,4.401029138515908,0
2.8325889937047357,5.352891638726456,0
5.397565228521177,5.044418722677419,0
6.266797093453799,1.0595760388082909,0
1.4392540980915947,8.109810405053835,0
5.841017532419478,3.8546956557733267,0
5.432154045289344,2.922664545399546,0
6.768410233948398,2.6255755454036245,0
1.2511765193962832,6.655331249904629,0
7.620910119068959,2.107865291023451,0
3.6841956386379406,4.245512582732097,0
5.110903773386263,5.263432510505489,0
2.1137296059391284,7.366776321192258,0
4.257443333984362,5.229542465542245,0
4.402056353686286,4.525697592052687,0
8.085125012266602,0.7638597343182096,0
2.847330436825116,4.791255174153747,0
6.755151118993414,1.6907630609899627,0
4.498741429191196,3.750511810925623,0
8.068864064163082,1.5010821835671373,0
3.0536208961611457,7.096505920629449,0
4.214651099192983,4.522154340891673,0
1.098820404345624,8.350695455011358,0
0.21042301990001566,8.78991988351151,0
3.285640722719916,5.3699757004754645,0
5.29426798132463,2.600520501752145,0
5.849810453754505,2.2102010614665337,0
6.466598749153208,2.114316878704976,0
3.752742493073651,6.625466127624811,0
5.716495653703735,1.3512050706169032,0
0.3664081367772587,7.396958997200672,0
9.06052377480378,1.2037243204800252,0
4.405898229374003,3.6693654395968944,0
4.349871648545197,6.133984604571214,0
5.069895087040868,4.147783040177934,0
3.2026782582853777,5.124773200615848,0
6.50335225275095,0.6978311641892798,0
2.8328467044669194,4.496642450217141,0
5.790404617099705,2.9146535879709234,0
4.503855481419441,4.728313832374603,0
2.5924139172323626,5.782472498124753,0
2.336829512857248,7.512632098037479,0
2.42782233916203,7.761281356050649,0
7.019230901295669,0.6169735929844866,0
7.0060669007423915,0.3866772803791618,0
6.326652797197584,3.787023034237409,0
4.377860177029822,2.8745132451038424,0
3.0068668790811905,6.59448753838479,0
8.520576198942923,0.7866372170949387,0
0.7072080969263317,7.058936256055351,0
0.4235536220531999,6.845183017998958,0
8.10990858695359,2.10215738940804,0
5.823211489369059,1.6078759282860222,0
0.6680656721314182,7.87455646290078,0
6.509675154260749,3.3334374261678503,0
4.306970898866652,5.995520392284409,0
0.9171843252703049,7.261216457338106,0
7.484058542333109,3.0064245528720903,0
4.471299150852913,3.7512235691097215,0
0.7048143187219802,9.585573917700696,0
0.5893913294178599,6.68859857417639,0
1.5107203192140473,7.98140298637636,0
8.6824322816493,0.30491382657701793,0
1.5911903610649425,7.594852034447014,0
6.694274155609899,1.1027725216076112,0
5.059810499711247,4.146260610265404,0
6.774837950396053,1.4134324090426276,0
1.7620256166946069,7.354752634242933,0
6.842667648418111,2.119208381575252,0
7.179291285412804,3.1057565985005486,0
0.5420559549711856,6.619682390636807,0
8.359769863083907,0.811950890885984,0
7.382863383525338,2.8231057366040924,0
5.771619324594459,4.356443425763279,0
6.721962364168559,3.3163932520410144,0
9.374723403005094,1.0376456546085489,0
2.2319121524900067,6.743705028823985,0
4.571898455616594,4.677801082298463,0
6.494524802874738,0.8898564114194074,0
7.766465184296173,1.6254594459579985,0
4.554193773272073,2.80417195402737,0
6.734111707712406,3.5130136499639972,0
1.5310464042829675,7.82173941145698,0
9.108522786120693,0.10440203184569397,0
5.567345410073983,4.608681530888468,0
4.46728509916297,5.666872423125878,0
1.0140427539059327,6.48813800194457,0
6.967882936463948,3.4927351904510475,0
5.997281330270794,1.9646604572546211,0
4.168309603779655,5.4259687534885455,0
6.406959225598127,0.9581934610041354,0
6.963459971273579,3.460710324496614,0
3.3123881037300587,5.721429350986014,0
2.356237265088621,5.416287412760062,0
7.487501339569263,0.8677952679171952,0
5.51476831209551,4.929405982414888,0
5.254489683136915,2.319361582522328,0
3.3413012555169628,5.322008136966302,0
4.796663665856737,2.9159849062889798,0
8.317861518396567,1.7130715822969034,0
5.16014320250017,4.4289997994054335,0
4.198079598313051,4.436522175415031,0
2.3519880256690717,5.358113646568615,0
5.56428973137479,3.2207968429224043,0
4.146426590940062,4.300731338499841,0
5.651103113313752,1.8241412401326895,0
2.4103468366277028,7.924173612878368,0
8.324533549128788,1.3345450881653664,0
8.286948178372464,1.9248078168339489,0
6.57975880418584,0.6644436327314318,0
3.199702121918139,5.612246710947453,0
1.1780063833892107,8.171741151367486,0
4.2919723436259,5.199102672812383,0
4.554216505121424,3.1462522067505496,0
1.2205554928502493,8.952075195639544,0
8.263159920447041,2.1495870986929813,0
7.639858857691514,0.5799728429822737,0
4.128544426798707,6.126628146595418,0
6.801394293408886,1.5194379865038987,0
2.4087843434416714,6.699856127358962,0
4.235555964463665,6.057929011964333,0
0.07696886057266705,9.309382529558656,0
7.5546605815451215,2.1046388230632807,0
2.714493891723142,7.334212766618458,0
5.868137159469846,2.878977909210488,0
5.78459354619689,2.6079250346121716,0
4.945760941061343,4.840530311851206,0
8.112641942459662,0.9325853206327317,0
7.249818697942621,0.6186176991606418,0
5.0101195391433615,5.261980391945631,0
3.9200145108047346,4.054657432367663,0
1.8983099260225633,7.480475845157093,0
0.8330015524638812,6.4289337844850465,0
5.305668293224555,1.8678815059583642,0
7.862489590527856,0.9396951405049536,0
2.4053793374686694,6.636025262599605,0
7.845001581931146,0.0542329289051402,0
3.299664887764868,5.084420955786157,0
6.90580766409933,0.45118078734144307,0
2.867025145873697,6.808607694926052,0
3.9117756832644557,3.144159551981031,0
6.499582277649116,1.4464353302924382,0
6.20620342835096,1.7109560369213495,0
6.433586192464889,3.6427209894648485,0
1.6762811285528234,7.262517151294421,0
4.34668439789297,2.966670431270572,0
6.422995338591152,2.0700618874355934,0
1.4069998430737773,5.966956626844619,0
4.648051942017528,4.409969712470259,0
1.2155319323990876,7.247954924614284,0
6.431391598220434,3.993570061792693,0
0.3122391325079188,9.369598099837203,0
4.0614093092923245,3.8243044249906033,0
2.718982852253805,7.746151290910871,0
5.82502620644921,4.399962886444543,0
3.0427478377637507,5.144816766997707,0
7.027939174162144,0.13134686798429662,0
7.773877438373309,2.041011476800507,0
6.997518796521122,0.758431255773615,0
2.8617000251309443,5.418783936913569,0
0.8775693177727706,7.817248383759493,0
5.033415426628219,2.4686583182171997,0
3.5378210792020512,5.3644598951988485,0
3.8081616512229943,4.126099890024479,0
1.7297894471317765,7.868999781981949,0
7.749467610459532,2.4008775702002882,0
1.2926897798292836,8.506431614235408,0
1.155795088954925,8.316092098668236,0
5.152491918417974,3.4315109573319114,0
1.5601724134942208,6.918932914580628,0
0.6779788859843827,7.68459992091289,0
0.49168255241014314,7.199772771372252,0
3.4392375997790103,6.835176755575606,0
1.3753722557400438,8.780521148500544,0
8.997760264029575,0.5479303904173671,0
1.303049249716467,7.64980499116794,0
4.678825466508478,2.471116989369735,0
3.3863675834851783,5.205924896702779,0
1.2199299573800948,7.662928290713626,0
5.360129218036853,2.348873981613142,0
3.7227364165379626,5.433430431292222,0
4.494335458011122,3.657946183555756,0
3.487109474643023,5.03308101938742,0
0.8607942541878832,7.524259948784846,0
5.825984512475095,3.307305770170099,0
3.3498526511069593,6.389159234102162,0
1.6982336767729367,7.715924015279041,0
0.13237378613637496,9.90874148776591,0
0.31889583084914075,6.91785554482288,0
3.50597452522331,5.33569392233058,0
1.9727517274071849,7.535486097176701,0
5.91647015414087,2.6007203255151037,0
2.103399052664845,3.510503925418824,1
4.107092633954249,0.10175652521480527,1
3.985585600459689,0.2577732121334526,1
1.0249312251812586,5.243917751693183,1
0.3710629460889442,5.554459213716129,1
5.650550616961494,0.29676170291973736,1
0.2584626369812787,3.8501777809715834,1
0.2759346614617232,3.7336523138244204,1
3.93310753755556,2.237521052782613,1
4.267284718570227,0.2707540048855317,1
0.29962826425824385,4.784904257074462,1
1.1239466153849098,5.281579614918176,1
4.214071510114648,0.6620533471338995,1
3.1518973220890794,1.8958689367355288,1
1.6730462887260857,3.0575175267435823,1
1.074762300501711,1.964462584316265,1
2.5545834657890762,0.714222286996767,1
1.8830746952424247,1.9125500205711168,1
1.519340478692969,3.521767355735321,1
4.769611445101068,0.9838017309241053,1
0.8532015092256978,4.532061847550238,1
4.65302627773532,0.07748188595466166,1
2.4734511680595914,3.976503979785781,1
0.21531748265235362,3.5040255119891257,1
4.276746229363467,0.8662917970493775,1
3.336764580547688,0.7010555228722912,1
3.7058651527880517,0.8185955195119669,1
2.213082904204781,1.8800339225616396,1
2.2600371634256797,2.4584592480884764,1
3.21618356722581,0.24053897198832375,1
0.6073736470722708,3.5393580200888497,1
1.6342422339799008,3.015783704826749,1
1.016680290542702,3.7171619585295277,1
0.49691800208662384,5.446185830117555,1
3.67803595990038,1.703628922197205,1
5.639736356257532,0.655879734436068,1
3.523918486315014,0.04761854237580099,1
1.5347991557125162,1.6379459446859768,1
4.461954178858167,0.8907297623084999,1
3.5704738891403416,1.7390996400776748,1
0.1482266405992102,3.447895424806174,1
4.443783697824575,0.5486224974032373,1
1.5423698331953624,2.854470243982083,1
3.252884502196632,3.0330600202483855,1
2.58845445991678,2.063405858784648,1
0.8337771867272542,2.7284542413100623,1
2.117814256711566,2.141685266900675,1
3.655238982150318,0.9220586153053351,1
2.9257200801450547,2.0697639408968946,1
2.7647307748746277,0.40246996071217755,1
1.4636128986011188,2.9261696487893705,1
2.6603112946086926,3.5811921144453667,1
5.014670312850688,1.2871737403929349,1
0.8691648901616994,4.645325693986212,1
0.9399752195327242,5.447959239610741,1
0.3766112203391323,2.6351252843676822,1
0.25334090923573815,5.26150516294716,1
4.869592224303444,1.4041309834335673,1
5.142426160743394,1.1650001702823454,1
1.7383614363969206,3.8656045653546465,1
1.3613964328619728,2.847056125675644,1
2.284059239731457,3.171188688306835,1
1.7334266170245995,2.4178029968939683,1
2.2019918571734776,2.6338213265218697,1
2.1970517216706074,1.507080055212914,1
3.231646308104617,1.7384881583067058,1
3.508460765753979,2.5643568051498993,1
4.337134388436304,1.3467806265092346,1
2.7974301807051383,1.9161734272685993,1
2.1239857254149825,2.996346340494189,1
4.609087138635387,0.3908077327787143,1
2.8837825721670205,0.585211246124603,1
3.02066852044144,1.5823198225653994,1
2.9900537656479687,0.9591210936387495,1
2.772937332729186,1.9274286994068024,1
1.8889930238425334,3.531716288510541,1
0.7446138229370242,4.903702420580389,1
4.561576559285351,0.03536172111091285,1
2.4410757795422464,0.8951558265887993,1
0.5641450641598876,3.7737262805844654,1
3.6879179249322145,1.4694839745068657,1
1.9436343983138964,1.8017624834734014,1
3.046085538223318,0.5632185775723304,1
0.22788115678298215,3.9617842406735035,1
3.1809240091131468,0.10078584857732775,1
3.3537474827900438,2.7507676682361004,1
4.667870071339572,1.458405207476875,1
3.714373782858295,2.1335913494524554,1
1.5915565225763761,2.80456637800975,1
0.21720464077488733,3.2648040107516287,1
1.1859607883077476,5.0077286940378665,1
1.9346495752953143,2.2582591534561915,1
0.12947258459696798,4.06866967383746,1
4.38866408731751,1.4350819585440977,1
3.8930018749028847,1.0919559082516037,1
3.7233954697163796,2.2163239111603126,1
0.44917877405810847,4.698257309895219,1
0.7115689936930496,3.760369060428562,1
4.805536469062312,1.5038700208195306,1
5.8225237915484795,0.5004070537098647,1
5.073098666525308,0.16326219596106062,1
3.872941712123729,1.556454083828895,1
0.7467194409870057,3.8490179087171144,1
4.2714795065734075,0.9858766202672088,1
2.0391897638330656,2.230471028400997,1
5.740616037058676,0.48427808202362277,1
3.031723504896875,2.100049903161037,1
0.05623852013146102,4.703638653470056,1
0.7029131121326666,3.0809155980679304,1
3.576682666787087,0.6313994656579498,1
4.215764903690173,2.131401054444083,1
2.691777904683453,2.9239117913076105,1
3.904259801649067,0.9115907976499464,1
3.702048600650034,2.2846327660279666,1
2.971371296957675,3.207084962732459,1
4.09509023921736,0.8920768995020963,1
3.0326096232557744,3.169142193981384,1
3.4441368730369115,0.6852754710145058,1
1.0312299490893295,4.1011505493675235,1
5.7203673627582,0.4913361534568791,1
2.92479219965436,1.397089733867499,1
1.0994679995140695,3.512477755788689,1
1.4538332860742056,1.9327905676971344,1
0.25847620037376395,5.605689557129481,1
5.450767612267797,0.365518188193219,1
1.4126836384004529,2.887041951035396,1
5.2626048896526685,0.7433473146258056,1
0.9904531057159649,3.698450525704911,1
0.5120033663952169,3.7696985864290204,1
2.0745727176130684,2.285887016614093,1
3.204294007893157,2.7823650515408764,1
3.3726782756470994,0.38900022757467967,1
3.3259518204050362,0.9764732217153854,1
3.2198689610233635,1.0944799773803486,1
3.447360577216988,1.0190511705752368,1
3.65223134514795,2.7535458573471683,1
0.6163621896003435,4.445527480181695,1
1.943247306983812,2.0575410724950043,1
1.4038845942605658,5.015018299816213,1
0.5189371774541266,3.0036095438843744,1
2.880771851978116,2.344604110687062,1
4.844745290522853,1.0900135055306586,1
6.2771052817134105,0.07611735185265811,1
2.020300954405045,4.108450689209286,1
5.241582705823067,0.40183727329340135,1
3.193576579515355,2.0589299727916504,1
0.49023634084683165,5.067897156775688,1
2.6724620137428112,2.076656982918137,1
2.8644916654810437,2.948424802467697,1
1.881961826037971,3.940691026148443,1
3.147519117106045,0.38202885022467525,1
2.826954522286323,1.0373286978982608,1
0.14817871619637712,5.671039719615572,1
0.760676875895866,4.9446786562351495,1
1.1501834694646864,3.1452835410417608,1
4.1370449378300105,1.0283342036563106,1
3.8641559947962074,0.755898511073227,1
0.5831042321658338,3.300271992809145,1
0.976478585438415,5.454865020419656,1
3.274881197364209,1.650020141037996,1
2.1119541349133257,3.379508886821528,1
4.698197602192011,1.1185515981261718,1
4.214359901408268,1.4693754297748487,1
0.8913942555702734,2.3151700612942294,1
2.305169808648317,3.9301803789400855,1
0.6918957932431876,3.3929197507444195,1
1.4477728764680808,4.053505629610882,1
5.116789007370667,0.259769185683695,1
1.466410551664964,2.2878319871686488,1
4.947254004594418,1.167397048420917,1
4.877083212715898,0.5758620720012998,1
1.9193994624394382,2.2116077277081425,1
1.9240110949766633,4.2085126091782135,1
0.8817018690914427,4.046548033799457,1
2.955224346771364,1.8029718012949894,1
3.25438893460599,0.3696243358054655,1
3.5734846480019438,0.22597345309301775,1
5.005083813220743,1.3841036241598765,1
3.4888820921336734,2.2742413051771035,1
6.142734436602338,0.2355906407662426,1
2.6434466168920965,2.358650342778649,1
3.8644929569116044,0.7425029179511664,1
1.2439388297394336,3.4194012874816435,1
2.7069992320848484,3.0715909023486847,1
0.6499809951626857,2.4308342189449155,1
2.0438094179158446,3.171917335894388,1
0.5106217456986222,5.823335197504167,1
0.059622874673359805,5.830347276944824,1
0.7521229483267963,5.666283207164483,1
1.3595772135495228,4.127351099988864,1
0.06893980125611132,4.695265091151542,1
4.7020511692792315,0.30477770220042255,1
3.69934936423574,1.505119415237445,1
2.328262186115406,1.096946328709344,1
3.308801233904537,2.2120308005925935,1
2.546912026253605,2.626798446137552,1
2.05468330271136,2.6635966210964903,1
5.2853767407762735,1.0198304373875389,1
2.302202566954696,2.8190004081570867,1
4.468850489469931,0.09885934366611981,1
3.932260852792893,2.322236929889294,1
3.010441374905905,1.017301515842389,1
3.7047937417486496,1.3168318081828354,1
5.592634703882706,0.3695157692112341,1
0.518993180825039,4.720989119737609,1
2.4079134714747834,0.7598366971975566,1
1.2056628910987888,4.675376732394136,1
2.389011636944856,2.568602376304991,1
0.49211524200921974,3.8269043246228938,1
1.474707744536475,2.4024409363687225,1
1.5622288383921934,3.660359086282589,1
2.698752812541302,3.644366376682642,1
3.0453792790963266,3.3500341258803257,1
2.519901835224273,3.031696980859692,1
3.1400832750904857,2.2355808241957957,1
2.4540098654609235,2.047965724074891,1
2.3200182404174754,3.1369344178363776,1
1.4189582236062668,3.940713335784457,1
2.9679156694986877,0.3495330318617468,1
1.5422217870184385,2.214858328522328,1
3.552229019260306,0.9578354359615897,1
4.0172394687038375,2.3504050199064763,1
3.7657333890763782,1.6270840309058232,1
0.399047522487206,3.6254142388486774,1
3.7321168868875088,1.0792863849319438,1
5.802850763884802,0.39841856273425924,1
4.102461037100923,0.22989059566479597,1
3.377722616840662,0.21062274633496592,1
3.6548256883753205,1.4629248383939717,1
0.008409530272213583,6.159518235228802,1
4.088489245990968,1.4667353541741064,1
3.9027226870006886,0.3834129591320078,1
2.765903891932595,2.477622689295371,1
1.1780687520489446,4.762370878568744,1
2.48664048918526,2.4221068738449136,1
1.9072211991200225,2.4461562878356853,1
5.946139456729422,0.14814625701628925,1
3.3986754053370882,2.609033466167311,1
2.72168607451927,3.241097858845679,1
5.124562461739736,0.8726130799773005,1
4.274977058041527,2.0516028689231263,1
4.179974912115457,0.270756488945868,1
1.7877285188372773,2.9022127804639073,1
1.1338081061635545,5.104945494820229,1
2.7294066770249437,2.665511064254293,1
2.5047990431750398,3.283570523743304,1
1.2134009973508366,2.5075024172658957,1
1.9577824917100253,2.5376359724756936,1
3.2612371643974125,0.19069559987248175,1
5.982213689648008,0.474996344248813,1
2.5563516271687248,1.6225832015894377,1
5.450894992372389,1.0143412879050893,1
3.193217213242802,0.531939484070253,1
1.9028735610537493,2.562931814818845,1
3.2903398557163928,1.730852795804717,1
1.3481946339941597,4.5359501461099425,1
5.446383972459651,0.5445678410127561,1
1.9073003875117758,1.598980842971907,1
4.148592809353609,0.5741897054159817,1
3.338119130810729,0.8905643065748337,1
1.80069163030273,3.565433508291333,1
4.1438235995380435,0.6666781730304423,1
4.777074380446299,0.49510383573731254,1
4.288280685414506,1.2374172297755137,1
1.2797701239418022,5.095939292416078,1
2.8907383462162866,2.475216191379159,1
0.26145485428726345,4.6291253470531455,1
3.89977704994618,1.7625142969402068,1
6.150579133452732,0.15526779838898686,1
5.13186515941369,0.33585686292319916,1
0.6513599685241148,4.588387717903956,1
3.6943553334488524,2.2525179979730776,1
3.351916556014107,2.179068215973004,1
1.6365824249408432,2.2699013917226982,1
0.389540187852071,3.7552592405773995,1
1.8531250649483426,1.2628300907758554,1
1.78990147904374,1.7197566739092731,1
2.243950094044205,1.6317729878580745,1
3.6430955769962106,1.7460638887164608,1
5.047144710372637,0.6894993279162099,1
0.8945768976193197,2.7893759342556947,1
3.9133491128284863,1.1626333952781194,1
0.20231053092962692,5.894433554201112,1
3.8279285647620793,0.30712035230966184,1
2.3567257820095997,4.016531030204901,1
1.4022158017790198,2.4291666022544707,1
1.929390504763013,2.810712990822236,1
2.6856905487459706,1.9293313539172012,1
1.7322763332487336,2.16194837811431,1
1.7785897882458857,1.2272243177011612,1
3.265969603366388,1.363119478563156,1
1.967801024480381,2.9677829616179454,1
1.1310573315671864,3.1562258197425677,1
2.7727538250527726,1.4615065875860198,1
2.038803198854475,1.063788933970791,1
1.199501586829121,4.9137261777719905,1
1.0457032361791612,5.135041588945263,1
0.9717234656968385,4.070728145917617,1
1.46156474025126,3.254712633831144,1
3.1577135292288254,0.5916067214522824,1
1.4502942952721265,3.304930447198507,1
3.7243288462828437,2.1677845406707426,1
2.9964321107384864,0.8066101777705896,1
0.8184150772031932,2.261182559792986,1
0.03946889605563142,3.6770642615818594,1
1.2181615779753994,3.5354939956153073,1
1.4143534941026388,2.6433021878269534,1
3.8441891459034627,0.8434602761584391,1
2.382360890856531,2.995010487711994,1
1.361761418849519,2.633758716014695,1
1.8063299528779981,2.266596740435833,1
5.516353488024908,0.5361730336890449,1
1.1111599786636681,2.7981601829524916,1
2.0180577789717917,3.143040076113163,1
3.8386958544036878,2.04600947569892,1
5.721350230971016,0.20687064966417157,1
1.9163475444480798,2.7411858481036306,1
3.0971690553855478,2.192196799582905,1
4.12917753567037,0.41683290989578414,1
2.9289027493129853,3.1839064879540677,1
2.4529013773106687,3.258161204099538,1
0.9272173883540389,3.7135371849224614,1
4.299360096471641,1.0148485101184068,1
3.7749099884544326,0.965830027168705,1
1.1684896217815388,4.893747508283509,1
0.04680852949439218,4.725352223675298,1
2.034128921689972,2.853277420180447,1
3.2918415257002573,2.1099879053978285,1
3.7256340678826256,1.5040253560979147,1
2.1965236116508366,1.5345582894487935,1
4.860584315641308,0.023258649180421864,1
3.439805497931909,2.742564884003153,1
5.181066075280899,1.010291965941681,1
2.205989742648262,2.3861418743582825,1
5.581330882815856,0.23361670595544293,1
1.7346065830220723,4.344492322489791,1
3.4097746513595926,2.952865399372723,1
2.863685353136766,0.8127775343820591,1
3.276130268751969,2.0167183549660805,1
1.0045832930155063,2.0879827442123107,1
2.01866612395848,1.7718441763694035,1
4.4495964639178744,0.39466836475838096,1
5.320242080990262,0.7240031207636646,1
14.424883881129562,8.738876480365494,1
13.872026218827923,0.15723177450934933,1
8.343872745470701,10.936156769639172,1
9.958826026344367,7.908259077435945,1
11.519434556757508,6.9247516549596275,1
1.928020429257495,10.639671676258507,1
4.649970690741452,10.280208949615593,1
1.3150644581627458,10.757627986443113,1
5.462920616209685,10.3246472126337,1
8.74930522139492,14.18947585797071,1
5.184426608001137,6.684183180597063,1
6.945938628595353,14.030791282100633,1
11.785967930915874,12.738117674349427,1
4.9888886293295105,10.79750458120208,1
7.42776092067808,14.855261195513146,1
10.427290416379272,5.990767210899207,1
10.362293956424462,7.374616540947688,1
4.166119635976634,11.801945825207971,1
3.3122561694349493,8.024591203308226,1
5.311855401891999,10.116760640245568,1
6.353680545384029,7.5343357436869685,1
9.582709252237693,4.283963006209179,1
7.885616968753152,11.928750679555629,1
12.948518801357823,9.739301471994464,1
11.964047901522248,4.108397295929186,1
5.4155121635928625,9.164931504026606,1
9.935115083884083,3.468987850057922,1
2.0027491841413103,10.700933201120131,1
7.160704646255995,10.325278823668617,1
9.407846732573427,13.28594404118212,1
8.665017041302097,7.326573252956344,1
12.857250364242207,9.115799918576194,1
12.839589993310504,11.082864519096683,1
8.8002647595449,5.014176025658746,1
2.002708823165279,11.49255632220646,1
11.960628500985488,6.40055915775103,1
2.3505398391052306,8.697223668856735,1
11.549608128653,6.206089324610934,1
9.876800527401036,8.134356368593672,1
11.740573798972163,8.381691234814783,1
9.363547405352854,14.176403247475022,1
10.264328505014339,0.8617789090204758,1
11.654841029763652,9.027581170668032,1
6.386460044701533,12.409829630081234,1
9.69890826185882,8.482712659872401,1
13.101126541915372,5.160884527312706,1
12.121922746759848,4.745269425903985,1
10.020412530179609,6.85918849369053,1
9.831957973827855,3.322444583695367,1
10.613924149883676,14.01020594965864,1
7.4302423667599475,7.01676159341685,1
11.2341342247432,8.007907240922963,1
14.303658692515901,5.411076800867832,1
13.099770752289233,0.29488695016653965,1
14.406061666508386,6.657347537973839,1
7.011977856313108,11.582987242461211,1
11.232303386276968,0.6899328620413664,1
10.852932710926105,2.9568770558036856,1
5.986191519496838,13.416634152186154,1
8.286164751604451,13.388175118774607,1
1.1421375841191468,11.180622962033956,1
13.684114921646803,14.344609396199981,1
2.9404995076045815,14.222202142642692,1
14.130992662018171,12.428151769860257,1
5.173914814705813,9.532972243733157,1
10.539184754231977,0.8786188290746599,1
11.827676131431495,14.144621807609266,1
12.270044409007214,14.276115948234327,1
13.781402678835073,6.801455968400077,1
9.342831292897275,8.767604923513677,1
1.7454499920488742,11.599577185502355,1
12.710843957720934,8.216395876155136,1
13.614991492061398,12.525051934944075,1
5.072414814455405,8.654211971312153,1
7.516063084889507,12.197253040399636,1
10.713252921153906,0.4239797427763148,1
11.543865346328484,10.118032892259604,1
7.512453710017121,13.175893444420955,1
8.238641674166345,10.193282719326012,1
13.392696069459893,0.551694634615752,1
12.269298354534726,1.4106039981260539,1
12.109574462206865,2.2545289701894653,1
14.902518712498592,12.233030728227464,1
12.02525547669813,4.549903854866011,1
2.7763775405930375,12.829348833008943,1
13.75353677873756,6.550201250415694,1
12.07012831110162,14.182775772271802,1
11.897471498527956,12.553183592312521,1
10.463013397246277,0.7615734390208406,1
5.1434286448406485,14.774620140287803,1
8.726640893240225,7.2913176495767305,1
9.06283300793168,11.870228814616384,1
8.694115675117697,4.279591247635674,1
7.619065848495731,5.602804769424691,1
5.518288406701146,6.169821737668106,1
14.670750885684479,14.90911828431157,1
7.848433457000454,11.217313857654513,1
11.481589411013932,4.683367860459889,1
14.092766874910597,6.8665432372108235,1
6.53424800598657,5.821998877489599,1
10.844345054488294,0.5504399769157814,1
2.170069197695744,12.890632766757388,1
6.310662668904281,14.941946493627164,1
11.98479580324773,7.270779360856615,1
6.168007056246789,8.850509094521795,1
7.0739489420995145,12.719292113445556,1
10.830343415663686,2.9129784319647447,1
12.72607467618711,10.142696819974532,1
10.757553303077586,14.935100710021821,1
3.2684760366864394,11.087579221506623,1
6.012803624207865,9.341087470002245,1
6.532958150928526,9.438096612632863,1
5.2489814341732,12.669222650554955,1
11.272437483064866,11.523852514866613,1
4.038897161361791,13.954771209677999,1
10.725116369966898,1.5124956701099586,1
8.868617520968835,14.653014608715084,1
12.950772459351596,8.058685401385484,1
13.523321816866291,12.604813293300053,1
14.869509746875346,14.869050279402982,1
14.79926406852438,7.601934809084222,1
14.216859403174844,2.0550761787792897,1
6.742400904631686,12.699105954250317,1
12.606921132184365,0.40231810568991333,1
13.983585162919809,9.708031055848664,1
4.371758128704183,10.269222444505896,1
8.821960674595772,2.2728265527727087,1
11.293722000190215,1.1553960202616183,1
11.020513282368835,6.068872251540702,1
14.911884358799282,10.18996156788323,1
2.9863252197932684,11.564947201013302,1
4.02707232771947,14.137789812029775,1
14.541682062983986,9.560670691308973,1
12.905176071891207,1.6554535568938484,1
8.108661687216214,7.858757928985718,1
4.524245929549108,14.782905339189716,1
13.932047526214225,9.9007355214535,1
5.185498150395757,8.592021897953678,1
9.807088949399068,13.946605582601231,1
2.2763077966451757,14.409306127785893,1
8.515797354888674,10.15633141499038,1
14.37387284026321,7.721544649979,1
10.20907679107459,14.798768178452885,1
6.669780361120396,14.297801353946564,1
12.788351486103554,7.192505465542176,1
14.715944390728179,9.226263309242496,1
14.04419732118463,14.824527785095327,1
11.322832186742518,9.621847386730247,1
10.94646559583273,9.701852093773951,1
12.834692416695704,9.942159787364224,1
6.161723424073032,5.45832813329614,1
14.99919923962077,6.537018725003782,1
10.021718406157804,8.49154172873634,1
13.582175061492563,13.097260981844169,1
6.160991394384992,5.8609347548495085,1
4.039721733774729,7.692766782742434,1
5.477558421639397,9.71786332589357,1
11.650873042110653,13.84956748429003,1
11.990033125054179,14.53349385086025,1
11.345768640421372,2.0302366405222205,1
14.903917781835938,4.598596284419662,1
11.887303970349327,4.417612745003558,1
13.349008857866126,6.197965400990817,1
13.207010186085913,4.002611311861392,1
11.057700805624542,8.574047897447741,1
14.551790147410358,1.976511399358446,1
10.62687370707008,6.00478002532808,1
13.824032665140159,11.269525272939948,1
4.758196774327969,7.2407243003564234,1
9.173895440105095,8.207048050645778,1
2.067717650096541,14.046158523112368,1
3.8525425265294233,9.675137620355075,1
14.468412403993948,11.567019843672574,1
14.875338908321877,4.0756212668340055,1
12.361133341754927,14.057731282070751,1
3.784765296794414,9.567670177017076,1
6.07668559905126,6.380105764048629,1
14.417281638825678,11.530630073186261,1
10.55294573092883,8.576598076997996,1
12.322580257574893,3.9582411011459784,1
1.9523953274765393,11.457308419697961,1
7.843443102250209,5.691212561779871,1
3.2518488304794784,13.317894021694904,1
13.595847947569695,9.788452493498708,1
8.592878942795506,4.998654578685256,1
9.108131087623484,6.226282793313206,1
10.133797589121796,9.01313785375682,1
8.81500782347779,5.088388288667353,1
7.192420934434451,5.915992912533809,1
9.156573150255864,12.464454211576989,1
10.270872906666213,7.5707243582859265,1
6.201128085640512,7.9764997152448815,1
8.749023241385537,12.012158513593352,1
7.072461964478977,6.853048880179655,1
6.5966669444556425,14.885548084854786,1
14.621478392653382,0.7094600663401363,1
4.923018065602761,13.853225750827992,1
14.47129314503611,7.427566176505335,1
6.734990386301012,14.037693604481534,1
11.492426364867052,12.076249870601547,1
13.835767799297074,4.811095436097904,1
11.905002712440217,4.022764381306069,1
10.27737059477286,1.6271582843102061,1
9.956579518691363,4.956478876983521,1
5.161853289135014,6.075474570079754,1
11.71488070972651,2.368149457630324,1
13.846298532664331,12.831994224342258,1
14.298514418475497,10.931712505358256,1
12.086011307101142,1.3855195953376298,1
14.836992203661238,13.899081452693355,1
10.744875375861826,0.8909201943175643,1
10.583802833522165,9.64655390080726,1
14.481854080716282,0.5377387464243644,1
12.836146367755113,5.367305113098645,1
13.727584140737983,0.4684176067560242,1
6.73166449434032,8.6712296430206,1
6.791095438008684,8.847308679203662,1
1.6735510805344327,13.693265788377236,1
12.13662408261327,8.761795799295783,1
11.699469524936259,13.93200766931154,1
8.72864010622458,14.026978721658159,1
10.648465348403143,14.197291489153812,1
1.0548086697769938,14.580570938124339,1
13.831486450322068,10.305540114179706,1
1.5457047557434884,9.88530827578673,1
13.760404567330633,11.546851723437134,1
10.729358687771958,5.330621994523166,1
10.595628951787374,2.870262296152398,1
1.0486139935762195,13.821875031144138,1
8.59119146971313,2.8595722855911774,1
10.958447041434276,5.6667697315070455,1
6.208240843991593,12.818860969635603,1
10.577593629278171,6.924076658412295,1
7.543821891074795,14.036502062662345,1
8.444556226052224,8.741187324412397,1
14.570345463552725,12.211818697864897,1
8.00251850951084,6.887765305834099,1
13.655322512611248,5.733863814684378,1
3.375244180825041,13.209489188399454,1
3.8493901034958657,10.926530141709609,1
13.843003530725381,5.355036570294689,1
9.7222705564389,3.9507657310020106,1
11.597413408128306,2.074676480805201,1
3.344210189901955,11.54603425382533,1
14.542729191921133,0.8665900016388428,1
4.758086407474401,14.262041067153659,1
11.554157967726393,11.529216658111137,1
12.626051725871017,3.2668083176060576,1
10.224570042235367,5.220979772387678,1
8.0125389807059,9.075754025205134,1
11.679274913424814,13.064443814951032,1
13.047102139832864,8.772845524808876,1
10.82950663134974,2.7758766276835978,1
4.717900484695249,6.906089671253556,1
11.59580576883265,1.5012132412025236,1
8.21196407761325,10.211641654078443,1
10.282924804752204,10.311854335351143,1
11.954545484785925,14.613377618349968,1
8.736484660075972,5.64668171595011,1
8.574095788475903,10.035827837331434,1
1.4306086583965576,11.04545596249636,1
14.942483081282232,13.17011082235033,1
8.746470887043271,8.856263569686899,1
10.589290792144757,10.601444006075122,1
1.8275781402655134,9.935714333028404,1
5.0009706625934385,12.313099956401397,1
13.883385149894018,1.2959218089923685,1
6.792867493157771,10.743735041194135,1
13.287915687684087,12.120197892757496,1
3.088346300732,11.385849326209668,1
7.146900458230662,7.730016371778342,1
11.553545602402629,7.529398867760489,1
11.750145081340177,7.165267056532948,1
6.616934718944628,14.934271834484054,1
1.0726903092755835,12.883925008415758,1
14.577724026736254,0.025939021763773384,1
12.328186686323509,4.649569559145659,1
11.92923428468561,7.002779456875919,1
10.583075369949086,14.304975251615481,1
5.172034418643225,14.35064958394018,1
9.052605578782291,13.41755348309926,1
6.65158790782251,7.280352161807515,1
14.318790706830413,14.399818962750585,1
7.0665207756336965,14.270384190785538,1
8.351718804268028,6.968988983277899,1
9.857287761312655,2.8291630370397836,1
10.057854398287242,5.289145006651925,1
14.194642770962055,5.992539990537249,1
8.894989836329614,11.916455767724571,1
8.243326158270014,12.030208387000702,1
1.6567580443833618,9.897996854268515,1
11.34804175384062,9.397573637650655,1
9.834946682384144,12.029985471985738,1
10.682561883301512,0.3617521927059786,1
11.41823639616465,12.884235861762606,1
6.062116521448395,10.103807036076345,1
6.3461522999281845,10.979923015809696,1
13.887414636325083,7.161642455375465,1
8.084936770641347,3.8483914538015913,1
12.331807900169576,7.445061126785311,1
0.16344580827678812,12.219831191001212,1
14.846620168271103,9.252905743864826,1
10.984176872795056,8.498407167604968,1
12.385294540609568,11.463856755622125,1
7.11018129620731,9.754871823927287,1
9.817933575625878,7.460393255621945,1
8.22944646925105,9.452972858672128,1
7.724638216137626,13.041072957219438,1
6.703990005428232,6.650685769714731,1
6.972600108311312,8.843914739089316,1
4.742211805416137,7.578651839481478,1
11.83154459287066,4.857485527263819,1
2.4176448467590506,12.295921446038163,1
3.9341075628160653,12.186004874015442,1
2.0421265662144705,10.663474829353628,1
13.656886481981372,0.386503983224436,1
11.35849823584352,6.005603525514541,1
6.160508707577273,11.455724346952804,1
1.816487147843349,12.183321807741343,1
14.545518282942497,11.583257842051452,1
7.555986461596934,7.152623397407987,1
13.291082163178833,12.54034954781438,1
9.40136004917154,2.46441047671288,1
13.085839661880502,6.06524134128469,1
8.381384994419513,13.966210211048733,1
11.958924046733339,10.837850597229782,1
7.167459919948875,11.022902930105959,1
2.8731998592884924,8.811349297859396,1
2.813105897880248,10.977255970627223,1
13.749051115881892,0.4083417262519107,1
6.491061074766191,10.612622276569528,1
9.527473194925845,5.232561853779673,1
7.837152388602845,10.446963813843857,1
3.1990590452722105,14.128765023894305,1
14.968432042592074,6.508760735464883,1
0.6551915663682711,14.313594871709924,1
11.3310948795747,2.038337781320198,1
10.807755923298584,11.082736920065347,1
11.9150957645982,2.6434702666990706,1
8.885985468121993,4.583055315185836,1
11.984487421361855,9.79768207350095,1
3.9704042519967615,7.745639776114116,1
14.302964047225723,14.418418514417754,1
2.093947956123276,14.629238842982991,1
8.7294346350131,10.63500582575784,1
2.663991341922996,12.214833708655314,1
9.639045406953876,14.875519301347087,1
5.904823717272912,5.601520596244899,1
12.170304768992933,5.758730349649335,1
4.894602568618952,10.906273261018315,1
9.013815648553827,10.684997680808712,1
10.935491217440594,4.726980821615563,1
12.290058207179523,10.461598103190433,1
13.143890274957853,2.501680572982031,1
8.605092860749973,14.423347952971742,1
8.157088135555526,4.721888794524941,1
9.806407259231422,7.939351629589174,1
9.000701725451119,8.721829212924415,1
9.2172971107293,12.971904706256634,1
7.754602934088609,13.22906404158812,1
14.385723784888963,2.570056777487257,1
5.800905900436183,6.604113540091129,1
13.326482958418044,11.381483959559752,1
8.29088287032512,6.725071775182311,1
0.9096306735131082,11.58315129461839,1
9.655748885522977,14.140147734004561,1
6.37752137384655,13.53468830967406,1
7.713713520624371,7.973786701141209,1
8.013738746225524,14.354732828191276,1
8.230211923153131,3.0914359404787835,1
13.06401014267476,3.4748820744766573,1
7.310821562534963,12.056359365902434,1
4.844771208579477,10.416157849642644,1
11.366085920192416,3.315851136101891,1
8.079634942334224,11.358742118609534,1
13.616775844790226,3.417909693581109,1
7.581971954546203,8.233228120175873,1
10.79921788624511,9.707267085120424,1
14.973462306009134,1.3414841801372575,1
14.873284407846871,7.0048788737140235,1
3.5569024631659687,7.684129623315103,1
13.311698232368697,1.2200460300478606,1
12.073115072000611,2.9191389775123118,1
13.081878022767873,10.63569345759268,1
5.094758271891921,6.046955711446772,1
14.290588088123107,9.493994145381771,1
10.81991132649014,10.098529853743507,1
14.69124985670348,11.825323364150387,1
7.001018997703824,14.381098424413809,1
9.567980306409961,12.698581601903236,1
6.574575813895473,9.736111800610486,1
14.096351121281003,0.3451947352660695,1
5.958629502121341,10.365733001883797,1
9.66411238426692,3.467723891477792,1
13.963899547979047,9.038883982424643,1
7.410990134808616,6.613446998179632,1
1.724094897699019,12.48676554728585,1
12.16754795435238,8.577784886359813,1
12.216437480171505,7.828685126493247,1
7.512862337952058,8.67640913583003,1
1.892284631025512,14.918276972115248,1
3.5696911046839057,14.820117012981116,1
9.587920986117625,6.679164796023999,1
14.804036019319597,9.57267070595034,1
12.517642910251492,3.822074573663195,1
2.8622776071603906,13.14821460587845,1
0.16367167860692255,11.15906370578885,1
8.979156265885395,13.50338974901993,1
14.68343620908082,10.241392239556781,1
5.165896512006058,13.172559627415048,1
13.155342345351949,14.011500236295376,1
6.549086793977047,6.999311681326993,1
13.184395337231983,2.2337166785831295,1
9.835615402993902,6.55577437483431,1
9.341204459812436,6.472014446577448,1
13.683432569981587,11.61464953121392,1
7.605608241683957,10.76033170321277,1
14.089010117665424,4.53291778294422,1
11.628670353096206,13.869766876553127,1
7.793322406865729,7.94475143452604,1
3.114793450422415,14.673222322700376,1
13.961798668544871,10.458426948999424,1
6.702032098448244,8.436048610774513,1
13.366789892534582,13.775740589310322,1
9.749929219790959,2.3008986021121336,1
9.988303551010096,8.768348281987844,1
4.976797977156949,12.445206808318611,1
9.663922963334695,11.736982793012142,1
4.495766318102584,7.240092500194571,1
12.969033940941394,13.07337328383795,1
8.156687557561044,5.856006863556339,1
9.89069914831818,7.642989917329216,1
10.88189940969134,7.3105303035746125,1
14.270573739627675,1.7718618165826778,1
13.425770689368436,10.765532011361774,1
14.615428902040167,11.97014530463461,1
14.94820706414119,14.958743627991243,1
6.939390739637766,9.679563790242094,1
1.4789936983970757,13.478927957475335,1
5.31279741256293,6.458620191894277,1
14.23972016986712,0.0055937395925226285,1
12.472114667228782,0.8213923601099282,1
11.609087795128284,6.446393845316185,1
14.974778314777396,9.643999597753153,1
10.17692416381614,11.376979303062358,1
6.267541709750814,12.123675450533504,1
2.192873929889098,14.037463161520177,1
10.86319806292575,13.559925214471887,1
11.603677754522492,0.9646808813920782,1
7.434552852310638,6.434921350142621,1
0.9844912968941555,14.790784579494519,1
14.00444007258837,13.980696313246034,1
5.002071068831908,8.440994154815831,1
13.141500534802535,7.19298185543747,1
0.6268519197221545,14.143565595395206,1
5.666199588876805,11.977258425971602,1
9.377004787100722,3.1635984231765732,1
1.980282365677698,14.66677410708375,1
12.921341885070529,12.321481903842319,1
9.763031252366714,4.9371187131328265,1
12.550724776964664,9.589283823327825,1
9.997064514201723,2.5524313468693913,1
7.498456929653921,14.395796304292604,1
10.045003357999112,11.670525647351296,1
3.1943401291292877,12.152742557829168,1
10.932388070616765,2.5335312174600713,1
12.099771972170133,12.544787411339678,1
1.8401009133795116,9.574884602708881,1
9.048674905791259,5.090481061554832,1
10.133633823244347,14.360945770088671,1
7.074927880077315,8.742947859096864,1
3.0492219477054117,14.78507926661181,1
14.402190062472354,13.130887270761262,1
4.808197423241793,7.869108202560255,1
9.474283403546059,5.212269901785022,1
10.939598347237888,1.7462962437558238,1
12.133287863425533,6.079261566987773,1
9.006304691919397,13.394844585940154,1
9.59729880739568,8.811269484347765,1
14.75021391264699,0.4709559882513925,1
1.3752290104976357,12.218225590758776,1
14.440741968356996,1.7075820938160486,1
7.166702880614167,11.493441750202665,1
14.450254552187346,3.9236132359120095,1
13.00917351421544,10.645927159184891,1
6.456193149076636,10.484792261089535,1
10.638326441436924,3.888873392398424,1
9.26266537422042,9.962212466948268,1
3.9074756863472264,14.294754154157134,1
7.477653936333386,12.284657980153371,1
3.719750882175321,13.04416608602529,1
12.76899167601499,13.490651959868812,1
10.724674606749126,2.2691531258310715,1
9.4233460113564,7.263782305559282,1
10.736352162956253,8.253720045149304,1
14.273921204581038,1.1313344191166959,1
4.8731220560081,14.065930412155385,1
0.25948050257751154,13.381610348595393,1
14.541349300171776,6.76645981872583,1
10.21373620188878,13.459501810619415,1
1.8226997203563022,10.013827221705906,1
11.783206916298965,6.271964999478568,1
8.338671170432532,5.768681157073068,1
5.375758814061474,9.615824277705947,1
11.884065179740702,7.935890248705393,1
10.578059706321133,2.18022237142108,1
14.38031732497491,9.892470427859148,1
14.699895037390126,7.432041298044548,1
11.770037037939769,12.491610916811355,1
10.975675979533325,3.2034029246153928,1
0.5170599398272813,11.900244667953213,1
2.6498085799592763,10.362283991990916,1
6.522716058715398,6.557359387905997,1
8.214969423453923,13.020711698846096,1
6.6723416961074005,12.285291750660559,1
10.246047168084724,10.533170489085965,1
3.7504415882811584,11.756478211193881,1
8.983909323902992,8.566322585667416,1
10.913191046548603,0.43869773997581185,1
6.5265494906213215,13.98285124824649,1
4.505261019187443,12.258553806420744,1
3.131185282475204,12.202529212656167,1
2.5545827254192184,9.454663401504442,1
13.80919909665205,3.5219858860868603,1
13.544009151302928,2.8340106819347026,1
1.7008788311009733,10.010474977347664,1
4.188842232958482,12.713127327992083,1
10.515112272784222,5.970726641536527,1
5.935166701610312,12.39641365719962,1
6.701227053392517,13.863034925617994,1
10.650186889061887,7.734704627848848,1
4.830474156625541,7.178891719791005,1
3.2634359104898465,8.687138243452239,1
11.001859746270647,1.4368849785898834,1
1.8405658307367856,14.115617990286234,1
10.715441265198882,8.050087123302418,1
4.8050916386634075,8.904591416704523,1
6.694231095125987,10.904752163015528,1
8.994375512971192,5.525427542347331,1
8.577942417505636,4.874159902042329,1
12.676160511431437,7.216064842228081,1
10.116250300558454,6.256723207617889,1
9.234058526948328,2.93625102199305,1
3.764830616701448,7.865189311389266,1
11.547722875119549,0.16556416587647727,1
2.5511228164403117,11.90723669576062,1
6.022527536286412,5.227794891819045,1
6.396529637478267,5.314162965819421,1
4.347945413509648,7.404235334543183,1
0.5301117393964472,11.481123363623158,1
0.4585135403245011,11.432022455373602,1
11.824374193525603,6.233441590613011,1
9.831215987025372,2.4631285916435752,1
9.48512105471345,7.085434975670023,1
6.7716562241477485,7.317600284636282,1
7.163705160211984,12.11723354774488,1
10.237275825382689,4.309949098041905,1
4.106794260479782,9.277700083232162,1
12.768093536141773,1.8487913668114508,1
13.86383340651411,12.897116920356915,1
13.758542870766325,11.882030605626792,1
0.8818055414618309,14.617722746604526,1
10.945799764586333,0.26317852439324607,1
3.277025507088562,13.014361497714887,1
5.896260604050751,12.032901256309549,1
11.381836440442683,11.76779303566353,1
12.532371132338561,7.8000745759211805,1
10.5081645789266,7.0042866269945385,1
5.274122637672805,7.813780906560238,1
8.021945097054491,14.567787474533068,1
4.030407249779362,7.654106873722167,1
10.962224029058978,5.911157682902084,1
3.4784158869900876,13.480131224838246,1
1.0251262899908253,14.025539786764128,1
2.100673237413924,11.904801057027314,1
8.846754489537728,3.755189809680223,1
4.063246409963368,14.791034699870917,1
13.628282381917158,1.7825391191257023,1
12.444890276672306,10.352006312426967,1
1.267562587552666,10.958648799637652,1
1.0679284895418706,13.648353222885074,1
3.8980501819476574,7.2010519204373775,1
10.188249521951805,10.520916933426651,1
14.25815170700671,1.4980926629504276,1
12.869941239091359,10.919114516756283,1
4.826540460269201,11.502146065216312,1
8.323147674520145,12.083108863400938,1
11.16685616533355,12.010681189434663,1
14.879056225885863,5.2611442116292135,1
2.6996232052099134,12.774985405364337,1
12.695952304854828,2.6806908915128016,1
3.4975654449494327,8.957408640442985,1
6.286359727641376,6.787980477972136,1
14.18244357618066,14.3497330865885,1
6.778621319673345,4.407728088527921,1
3.644880501043783,9.849387515629267,1
12.34372927023061,13.776976442516851,1
5.713858930039349,9.286972125257767,1
7.006735551970723,14.135241904422697,1
12.767571737565476,7.994651947430377,1
13.528490865780283,8.666858356333297,1
14.779194389138876,7.225941380505883,1
6.7516397446207215,9.335555925003725,1
3.9618174708014227,12.557362663216942,1
10.096841319299529,3.1970490911424703,1
13.90178552112904,5.5898023388412845,1
8.255295120986737,14.521168039556693,1
0.23495552101354678,11.65368014233479,1
6.521405768515188,13.650075895327374,1
13.519955422588204,6.148107847233525,1
9.966613088689295,1.38719430097071,1
4.4994291982098185,8.361008829055539,1
11.475394781789063,1.0215412521359828,1
11.930061721256088,4.795288737040115,1
11.068290128678195,11.983476962179315,1
9.173031080521367,5.599024465463603,1
9.322228881199605,11.362760704967258,1
14.830989035980993,14.565149171049077,1
12.805192263279952,13.576308569328198,1
1.0590876912839509,10.013595933866924,1
12.198771235334911,10.542940841125727,1
11.726013084998954,12.082884211204956,1
5.056359758820638,13.259646726408883,1
10.542858550457328,9.705646828993935,1
1.6308947557335585,14.504356887552557,1
7.965785802907619,14.717370915973515,1
11.218917207036311,9.103810095370722,1
6.4223401782122265,4.615079556095006,1
7.645568697935148,12.683751187915046,1
11.798096853607674,5.187113845953779,1
6.878677343785744,6.719464332212854,1
12.040676303249915,2.5919863468640143,1
12.439037546113354,6.452328551583771,1
1.1122352548972718,12.757444912070897,1
14.118050047228609,0.36483986182355876,1
14.795733177719207,9.479787414358304,1
9.300192605919555,14.09764603912684,1
9.6091915624183,9.250451280067184,1
2.4341744177757274,11.50551290564116,1
13.172214395218658,9.124199215752833,1
13.706957156507166,0.8817269701688624,1
7.473034066224472,11.369661585671938,1
6.254523469074961,6.297153900899184,1
5.486956438796289,12.936471566956524,1
10.923846369927551,12.697681097146504,1
10.866053510974186,3.8554040132040535,1
14.433035177367689,4.97939204072957,1
5.460744070122651,10.35410201620616,1
9.552705775076834,3.4226711694000085,1
8.205974128859399,9.347129814388351,1
5.8055164530674865,6.019950129830725,1
4.270824214994736,14.097383149226564,1
13.50380511611848,12.159332235097613,1
14.085536861964796,4.985875404717917,1
9.979807950374301,9.750531479883943,1
10.990976883200162,11.783268991768555,1
5.014606601193017,8.773492766726601,1
9.698485714529717,12.715989489977735,1
11.190800032847642,0.7176316068451427,1
0.028481970229849995,14.309607269912043,1
12.11860384051079,11.591037755434442,1
6.062197648995658,8.740086659834231,1
1.3897593660843932,12.982109976288138,1
5.8996217881058595,14.645810793531927,1
8.522660216680771,10.037687181941198,1
6.300088524792116,8.458636789428143,1
1.4901474876840597,10.489461286897248,1
5.942741804474546,9.350402013110582,1
13.296579979559988,3.047080918718548,1
3.9957335712988353,10.659080573294059,1
9.200509213787685,2.1250355467210076,1
7.110002390744129,8.911001792951483,1
7.5071568395150665,14.482020224898472,1
1.7431026293102947,14.15730560375862,1
9.967467977482467,4.250656584938705,1
7.1628555703274905,4.5027531429236864,1
11.416737832469348,13.272060127721145,1
5.313386607460936,10.330221768080841,1
14.228008004256914,3.319374511205868,1
8.969822141466368,5.127379177031535,1
8.210314437815063,13.761059748596484,1
8.424451858615004,3.84995304812193,1
9.215463193718374,11.66458237342448,1
13.84433521952653,0.4495133452566985,1
11.860610941551474,0.3028248550567547,1
7.3195521812596285,9.980326254580067,1
12.233996727462443,14.197147716558936,1
12.160367225642585,12.224742447827516,1
1.5241941348940773,10.118108431072512,1
7.650610862401269,14.823851869892403,1
6.262545083930612,11.948303630866665,1
14.576684441203053,5.786511155083594,1
8.596133845402077,7.428757569617426,1
14.257071318367888,7.272838703570118,1
13.651264391082842,10.757016409895021,1
12.808705814975434,0.8291396318442806,1
14.518368683766026,1.548661806730745,1
8.648329971814123,12.55420939180884,1
